{"_id":{"$oid":"5e32d005ac400712149f1a79"},"name":"Aachen","season":2011,"games_played":34,"wins":6,"goals_for":30,"goals_against":47,"rainy_win_rate":0.2857142857142857}
{"_id":{"$oid":"5e32d005ac400712149f1a7a"},"name":"Arsenal","season":2011,"games_played":38,"wins":21,"goals_for":74,"goals_against":49,"rainy_win_rate":0.3333333333333333}
{"_id":{"$oid":"5e32d005ac400712149f1a7b"},"name":"Aston Villa","season":2011,"games_played":38,"wins":7,"goals_for":37,"goals_against":53,"rainy_win_rate":0.375}
{"_id":{"$oid":"5e32d005ac400712149f1a7c"},"name":"Augsburg","season":2011,"games_played":34,"wins":8,"goals_for":36,"goals_against":49,"rainy_win_rate":0.8333333333333334}
{"_id":{"$oid":"5e32d005ac400712149f1a7d"},"name":"Bayern Munich","season":2011,"games_played":34,"wins":23,"goals_for":77,"goals_against":22,"rainy_win_rate":0.14285714285714285}
{"_id":{"$oid":"5e32d005ac400712149f1a7e"},"name":"Blackburn","season":2011,"games_played":38,"wins":8,"goals_for":48,"goals_against":78,"rainy_win_rate":0.2857142857142857}
{"_id":{"$oid":"5e32d005ac400712149f1a7f"},"name":"Bochum","season":2011,"games_played":34,"wins":10,"goals_for":41,"goals_against":55,"rainy_win_rate":0.375}
{"_id":{"$oid":"5e32d005ac400712149f1a80"},"name":"Bolton","season":2011,"games_played":38,"wins":10,"goals_for":46,"goals_against":77,"rainy_win_rate":0.5}
{"_id":{"$oid":"5e32d005ac400712149f1a81"},"name":"Braunschweig","season":2011,"games_played":34,"wins":10,"goals_for":37,"goals_against":35,"rainy_win_rate":0.8333333333333334}
{"_id":{"$oid":"5e32d005ac400712149f1a82"},"name":"Chelsea","season":2011,"games_played":38,"wins":18,"goals_for":65,"goals_against":46,"rainy_win_rate":0.2222222222222222}
{"_id":{"$oid":"5e32d005ac400712149f1a83"},"name":"Cottbus","season":2011,"games_played":34,"wins":8,"goals_for":30,"goals_against":49,"rainy_win_rate":0.8333333333333334}
{"_id":{"$oid":"5e32d005ac400712149f1a84"},"name":"Dortmund","season":2011,"games_played":34,"wins":25,"goals_for":80,"goals_against":25,"rainy_win_rate":0.42857142857142855}
{"_id":{"$oid":"5e32d005ac400712149f1a85"},"name":"Dresden","season":2011,"games_played":34,"wins":12,"goals_for":50,"goals_against":52,"rainy_win_rate":0.14285714285714285}
{"_id":{"$oid":"5e32d005ac400712149f1a86"},"name":"Duisburg","season":2011,"games_played":34,"wins":10,"goals_for":42,"goals_against":47,"rainy_win_rate":0.2222222222222222}
{"_id":{"$oid":"5e32d005ac400712149f1a87"},"name":"Ein Frankfurt","season":2011,"games_played":34,"wins":20,"goals_for":76,"goals_against":33,"rainy_win_rate":0.16666666666666666}
{"_id":{"$oid":"5e32d005ac400712149f1a88"},"name":"Erzgebirge Aue","season":2011,"games_played":34,"wins":8,"goals_for":31,"goals_against":55,"rainy_win_rate":0.5}
{"_id":{"$oid":"5e32d005ac400712149f1a89"},"name":"Everton","season":2011,"games_played":38,"wins":15,"goals_for":50,"goals_against":40,"rainy_win_rate":0.25}
{"_id":{"$oid":"5e32d005ac400712149f1a8a"},"name":"FC Koln","season":2011,"games_played":34,"wins":8,"goals_for":39,"goals_against":75,"rainy_win_rate":0.125}
{"_id":{"$oid":"5e32d005ac400712149f1a8b"},"name":"Fortuna Dusseldorf","season":2011,"games_played":34,"wins":16,"goals_for":64,"goals_against":35,"rainy_win_rate":0.5}
{"_id":{"$oid":"5e32d005ac400712149f1a8c"},"name":"Frankfurt FSV","season":2011,"games_played":34,"wins":7,"goals_for":43,"goals_against":59,"rainy_win_rate":0.5}
{"_id":{"$oid":"5e32d005ac400712149f1a8d"},"name":"Freiburg","season":2011,"games_played":34,"wins":10,"goals_for":45,"goals_against":61,"rainy_win_rate":0.16666666666666666}
{"_id":{"$oid":"5e32d005ac400712149f1a8e"},"name":"Fulham","season":2011,"games_played":38,"wins":14,"goals_for":48,"goals_against":51,"rainy_win_rate":0.4444444444444444}
{"_id":{"$oid":"5e32d005ac400712149f1a8f"},"name":"Greuther Furth","season":2011,"games_played":34,"wins":20,"goals_for":73,"goals_against":27,"rainy_win_rate":0.1111111111111111}
{"_id":{"$oid":"5e32d005ac400712149f1a90"},"name":"Hamburg","season":2011,"games_played":34,"wins":8,"goals_for":35,"goals_against":57,"rainy_win_rate":0.14285714285714285}
{"_id":{"$oid":"5e32d005ac400712149f1a91"},"name":"Hannover","season":2011,"games_played":34,"wins":12,"goals_for":41,"goals_against":45,"rainy_win_rate":0.14285714285714285}
{"_id":{"$oid":"5e32d005ac400712149f1a92"},"name":"Hansa Rostock","season":2011,"games_played":34,"wins":5,"goals_for":34,"goals_against":63,"rainy_win_rate":0.4}
{"_id":{"$oid":"5e32d005ac400712149f1a93"},"name":"Hertha","season":2011,"games_played":34,"wins":7,"goals_for":38,"goals_against":64,"rainy_win_rate":0.6666666666666666}
{"_id":{"$oid":"5e32d005ac400712149f1a94"},"name":"Hoffenheim","season":2011,"games_played":34,"wins":10,"goals_for":41,"goals_against":47,"rainy_win_rate":0.3333333333333333}
{"_id":{"$oid":"5e32d005ac400712149f1a95"},"name":"Ingolstadt","season":2011,"games_played":34,"wins":8,"goals_for":43,"goals_against":58,"rainy_win_rate":0.5555555555555556}
{"_id":{"$oid":"5e32d005ac400712149f1a96"},"name":"Kaiserslautern","season":2011,"games_played":34,"wins":4,"goals_for":24,"goals_against":54,"rainy_win_rate":0.2857142857142857}
{"_id":{"$oid":"5e32d005ac400712149f1a97"},"name":"Karlsruhe","season":2011,"games_played":34,"wins":9,"goals_for":34,"goals_against":60,"rainy_win_rate":0.6363636363636364}
{"_id":{"$oid":"5e32d005ac400712149f1a98"},"name":"Leverkusen","season":2011,"games_played":34,"wins":15,"goals_for":52,"goals_against":44,"rainy_win_rate":1.125}
{"_id":{"$oid":"5e32d005ac400712149f1a99"},"name":"Liverpool","season":2011,"games_played":38,"wins":14,"goals_for":47,"goals_against":40,"rainy_win_rate":1.3333333333333333}
{"_id":{"$oid":"5e32d005ac400712149f1a9a"},"name":"M'gladbach","season":2011,"games_played":34,"wins":17,"goals_for":49,"goals_against":24,"rainy_win_rate":0.2857142857142857}
{"_id":{"$oid":"5e32d005ac400712149f1a9b"},"name":"Mainz","season":2011,"games_played":34,"wins":9,"goals_for":47,"goals_against":51,"rainy_win_rate":0.25}
{"_id":{"$oid":"5e32d005ac400712149f1a9c"},"name":"Man City","season":2011,"games_played":38,"wins":28,"goals_for":93,"goals_against":29,"rainy_win_rate":0.3333333333333333}
{"_id":{"$oid":"5e32d005ac400712149f1a9d"},"name":"Man United","season":2011,"games_played":38,"wins":28,"goals_for":89,"goals_against":33,"rainy_win_rate":0.2727272727272727}
{"_id":{"$oid":"5e32d005ac400712149f1a9e"},"name":"Munich 1860","season":2011,"games_played":34,"wins":17,"goals_for":62,"goals_against":46,"rainy_win_rate":0.16666666666666666}
{"_id":{"$oid":"5e32d005ac400712149f1a9f"},"name":"Newcastle","season":2011,"games_played":38,"wins":19,"goals_for":56,"goals_against":51,"rainy_win_rate":0.3}
{"_id":{"$oid":"5e32d005ac400712149f1aa0"},"name":"Norwich","season":2011,"games_played":38,"wins":12,"goals_for":52,"goals_against":66,"rainy_win_rate":1.0}
{"_id":{"$oid":"5e32d005ac400712149f1aa1"},"name":"Nurnberg","season":2011,"games_played":34,"wins":12,"goals_for":38,"goals_against":49,"rainy_win_rate":0.5}
{"_id":{"$oid":"5e32d005ac400712149f1aa2"},"name":"Paderborn","season":2011,"games_played":34,"wins":17,"goals_for":51,"goals_against":42,"rainy_win_rate":0.25}
{"_id":{"$oid":"5e32d005ac400712149f1aa3"},"name":"QPR","season":2011,"games_played":38,"wins":10,"goals_for":43,"goals_against":66,"rainy_win_rate":0.5}
{"_id":{"$oid":"5e32d005ac400712149f1aa4"},"name":"Schalke 04","season":2011,"games_played":34,"wins":20,"goals_for":74,"goals_against":44,"rainy_win_rate":0.14285714285714285}
{"_id":{"$oid":"5e32d005ac400712149f1aa5"},"name":"St Pauli","season":2011,"games_played":34,"wins":18,"goals_for":59,"goals_against":34,"rainy_win_rate":0.5555555555555556}
{"_id":{"$oid":"5e32d005ac400712149f1aa6"},"name":"Stoke","season":2011,"games_played":38,"wins":11,"goals_for":36,"goals_against":53,"rainy_win_rate":0.4444444444444444}
{"_id":{"$oid":"5e32d005ac400712149f1aa7"},"name":"Stuttgart","season":2011,"games_played":34,"wins":15,"goals_for":63,"goals_against":46,